post_title,post_name,post_parent,ID,post_content,post_excerpt,post_status,post_password,menu_order,post_date,post_author,comment_status,sku,parent_sku,children,downloadable,virtual,stock,regular_price,sale_price,weight,length,width,height,tax_class,visibility,stock_status,backorders,sold_individually,low_stock_amount,manage_stock,tax_status,upsell_ids,crosssell_ids,purchase_note,sale_price_dates_from,sale_price_dates_to,download_limit,download_expiry,product_url,button_text,images,downloadable_files,product_page_url,meta:total_sales,meta:_global_unique_id,tax:product_brand,tax:product_type,tax:product_visibility,tax:product_cat,tax:product_tag,tax:product_shipping_class,attribute:Opcije,attribute_data:Opcije,"attribute:Optimalan raspon promjera udarnog bušenja","attribute_data:Optimalan raspon promjera udarnog bušenja","attribute:Težina u skladu s postupkom EPTA 01/2003 bez baterije.","attribute_data:Težina u skladu s postupkom EPTA 01/2003 bez baterije."
"Udarna bušilica TE 3-C u koferu",udarna-busilica-te-3-c-u-koferu,,10641,"<div class=""col-24 col-md-12 mb-6 mb-md-0"">
<div class=""px-3 clearfix w-100 overflow-hidden"">
<p class=""m-0"">Kompaktna i lagana baterijska udarna bušilica SDS Plus s pištoljskom drškom kompaktnog dizajna za najbolje mogućnosti upravljanja prilikom bušenja iznad glave (baterijska platforma Nuron)</p>

<ul class=""p-0 mb-1"">
 	<li>Težina u skladu s postupkom EPTA 01/2003 bez baterije.: 2.3 kg</li>
 	<li>Optimalan raspon promjera udarnog bušenja: 4 - 12 mm</li>
 	<li>Snaga pojedinačnog udara: 1.5 J</li>
</ul>
</div>
</div>
<div id=""product-configurator-section"" class=""col-24 col-md-12"">
<div>
<div id=""product-configurator-content"" class=""pt-0 position-relative pb-1 pb-sm-2"" data-qa-id=""product-configurator-content"">
<div>
<div class=""position-relative"">
<div class=""d-flex align-items-center justify-content-between mb-1""></div>
</div>
</div>
</div>
</div>
</div>",,publish,,0,"2026-02-24 19:21:54",1,closed,,,10577,no,no,,,,,,,,,,outofstock,no,no,,no,taxable,,,,,,'-1,'-1,,,"https://alat.printeraduo.hr/wp-content/uploads/2026/02/L076965_V1.jpg ! alt :  ! title : L076965_V1 ! desc :  ! caption : ",,https://alat.printeraduo.hr/?product=udarna-busilica-te-3-c-u-koferu,0,,,simple,outofstock,"ELEKTRIČNI ALATI|ELEKTRIČNI ALATI > 230V NAPAJANJE > UDARNE BUŠILICE",,,,,"6 - 16 mm",1|1|0,"3 kg",0|1|0
"Udarna bušilica TE 3-M u koferu",udarna-busilica-te-3-m-u-koferu,,10644,"<div class=""col-24 col-md-12 mb-6 mb-md-0"">
<div class=""px-3 clearfix w-100 overflow-hidden"">
<p class=""m-0"">Kompaktna i lagana baterijska udarna bušilica SDS Plus s pištoljskom drškom kompaktnog dizajna za najbolje mogućnosti upravljanja prilikom bušenja iznad glave (baterijska platforma Nuron)</p>

<ul class=""p-0 mb-1"">
 	<li>Težina u skladu s postupkom EPTA 01/2003 bez baterije.: 2.3 kg</li>
 	<li>Optimalan raspon promjera udarnog bušenja: 4 - 12 mm</li>
 	<li>Snaga pojedinačnog udara: 1.5 J</li>
</ul>
</div>
</div>
<div id=""product-configurator-section"" class=""col-24 col-md-12"">
<div>
<div id=""product-configurator-content"" class=""pt-0 position-relative pb-1 pb-sm-2"" data-qa-id=""product-configurator-content"">
<div>
<div class=""position-relative"">
<div class=""d-flex align-items-center justify-content-between mb-1""></div>
</div>
</div>
</div>
</div>
</div>",,publish,,0,"2026-02-24 19:24:26",1,closed,,,10577,no,no,,,,,,,,,,outofstock,no,no,,no,taxable,,,,,,'-1,'-1,,,"https://alat.printeraduo.hr/wp-content/uploads/2026/02/L076962_V1.jpg ! alt :  ! title : L076962_V1 ! desc :  ! caption : ",,https://alat.printeraduo.hr/?product=udarna-busilica-te-3-m-u-koferu,0,,,simple,outofstock,"ELEKTRIČNI ALATI|ELEKTRIČNI ALATI > 230V NAPAJANJE > UDARNE BUŠILICE",,,,,"6 - 16 mm",1|1|0,"3.1 kg",0|1|0
"Udarna bušilica TE 4-22 u koferu",udarna-busilica-te-4-22-u-koferu,,10646,"<div class=""col-24 col-md-12 mb-6 mb-md-0"">
<div class=""px-3 clearfix w-100 overflow-hidden"">
<p class=""m-0"">Kompaktna i lagana baterijska udarna bušilica SDS Plus s pištoljskom drškom kompaktnog dizajna za najbolje mogućnosti upravljanja prilikom bušenja iznad glave (baterijska platforma Nuron)</p>

<ul class=""p-0 mb-1"">
 	<li>Težina u skladu s postupkom EPTA 01/2003 bez baterije.: 2.3 kg</li>
 	<li>Optimalan raspon promjera udarnog bušenja: 4 - 12 mm</li>
 	<li>Snaga pojedinačnog udara: 1.5 J</li>
</ul>
</div>
</div>
<div id=""product-configurator-section"" class=""col-24 col-md-12"">
<div>
<div id=""product-configurator-content"" class=""pt-0 position-relative pb-1 pb-sm-2"" data-qa-id=""product-configurator-content"">
<div>
<div class=""position-relative"">
<div class=""d-flex align-items-center justify-content-between mb-1""></div>
</div>
</div>
</div>
</div>
</div>",,publish,,0,"2026-02-24 19:26:10",1,closed,,,10577,no,no,,,,,,,,,,outofstock,no,no,,no,taxable,,,,,,'-1,'-1,,,"https://alat.printeraduo.hr/wp-content/uploads/2026/02/L126028.jpg ! alt :  ! title : L126028 ! desc :  ! caption : ",,https://alat.printeraduo.hr/?product=udarna-busilica-te-4-22-u-koferu,0,,,simple,outofstock,"ELEKTRIČNI ALATI|ELEKTRIČNI ALATI > 230V NAPAJANJE > UDARNE BUŠILICE",,,,,"4 - 14 mm",1|1|0,"2.45 kg",0|1|0
